	p-val	comparison
0	1.68703452942288e-182	WW vs all
1	3.34156905315783e-19	IPV #1 vs all
2	1.614646840454439e-15	IPV #2 vs all
3	0.0	BAG domain vs all
